{
  "hash": "a72a2529",
  "configHash": "d3ee386e",
  "lockfileHash": "e1c43842",
  "browserHash": "597d63f4",
  "optimized": {
    "@angular/common": {
      "src": "../../../../../node_modules/@angular/common/fesm2022/common.mjs",
      "file": "@angular_common.js",
      "fileHash": "7d5fd66b",
      "needsInterop": false
    },
    "@angular/common/http": {
      "src": "../../../../../node_modules/@angular/common/fesm2022/http.mjs",
      "file": "@angular_common_http.js",
      "fileHash": "5fbcdc0b",
      "needsInterop": false
    },
    "@angular/core": {
      "src": "../../../../../node_modules/@angular/core/fesm2022/core.mjs",
      "file": "@angular_core.js",
      "fileHash": "1fffa497",
      "needsInterop": false
    },
    "@angular/forms": {
      "src": "../../../../../node_modules/@angular/forms/fesm2022/forms.mjs",
      "file": "@angular_forms.js",
      "fileHash": "20205ad1",
      "needsInterop": false
    },
    "@angular/material/badge": {
      "src": "../../../../../node_modules/@angular/material/fesm2022/badge.mjs",
      "file": "@angular_material_badge.js",
      "fileHash": "edcf97b4",
      "needsInterop": false
    },
    "@angular/material/button": {
      "src": "../../../../../node_modules/@angular/material/fesm2022/button.mjs",
      "file": "@angular_material_button.js",
      "fileHash": "25849227",
      "needsInterop": false
    },
    "@angular/material/core": {
      "src": "../../../../../node_modules/@angular/material/fesm2022/core.mjs",
      "file": "@angular_material_core.js",
      "fileHash": "6009786d",
      "needsInterop": false
    },
    "@angular/material/dialog": {
      "src": "../../../../../node_modules/@angular/material/fesm2022/dialog.mjs",
      "file": "@angular_material_dialog.js",
      "fileHash": "b01b8505",
      "needsInterop": false
    },
    "@angular/material/expansion": {
      "src": "../../../../../node_modules/@angular/material/fesm2022/expansion.mjs",
      "file": "@angular_material_expansion.js",
      "fileHash": "5d0c844b",
      "needsInterop": false
    },
    "@angular/material/form-field": {
      "src": "../../../../../node_modules/@angular/material/fesm2022/form-field.mjs",
      "file": "@angular_material_form-field.js",
      "fileHash": "c62fd735",
      "needsInterop": false
    },
    "@angular/material/icon": {
      "src": "../../../../../node_modules/@angular/material/fesm2022/icon.mjs",
      "file": "@angular_material_icon.js",
      "fileHash": "3bce5d0a",
      "needsInterop": false
    },
    "@angular/material/input": {
      "src": "../../../../../node_modules/@angular/material/fesm2022/input.mjs",
      "file": "@angular_material_input.js",
      "fileHash": "11ca6e1f",
      "needsInterop": false
    },
    "@angular/material/radio": {
      "src": "../../../../../node_modules/@angular/material/fesm2022/radio.mjs",
      "file": "@angular_material_radio.js",
      "fileHash": "f80aa06e",
      "needsInterop": false
    },
    "@angular/material/select": {
      "src": "../../../../../node_modules/@angular/material/fesm2022/select.mjs",
      "file": "@angular_material_select.js",
      "fileHash": "f9fb2a4e",
      "needsInterop": false
    },
    "@angular/material/slide-toggle": {
      "src": "../../../../../node_modules/@angular/material/fesm2022/slide-toggle.mjs",
      "file": "@angular_material_slide-toggle.js",
      "fileHash": "a6a301ba",
      "needsInterop": false
    },
    "@angular/material/stepper": {
      "src": "../../../../../node_modules/@angular/material/fesm2022/stepper.mjs",
      "file": "@angular_material_stepper.js",
      "fileHash": "fc1f1b94",
      "needsInterop": false
    },
    "@angular/material/toolbar": {
      "src": "../../../../../node_modules/@angular/material/fesm2022/toolbar.mjs",
      "file": "@angular_material_toolbar.js",
      "fileHash": "fcfa18cd",
      "needsInterop": false
    },
    "@angular/platform-browser": {
      "src": "../../../../../node_modules/@angular/platform-browser/fesm2022/platform-browser.mjs",
      "file": "@angular_platform-browser.js",
      "fileHash": "fb56fd63",
      "needsInterop": false
    },
    "@angular/platform-browser/animations": {
      "src": "../../../../../node_modules/@angular/platform-browser/fesm2022/animations.mjs",
      "file": "@angular_platform-browser_animations.js",
      "fileHash": "7ee90c65",
      "needsInterop": false
    },
    "@angular/platform-browser/animations/async": {
      "src": "../../../../../node_modules/@angular/platform-browser/fesm2022/animations/async.mjs",
      "file": "@angular_platform-browser_animations_async.js",
      "fileHash": "86705e73",
      "needsInterop": false
    },
    "@angular/router": {
      "src": "../../../../../node_modules/@angular/router/fesm2022/router.mjs",
      "file": "@angular_router.js",
      "fileHash": "83f3221e",
      "needsInterop": false
    },
    "@canvasjs/angular-charts": {
      "src": "../../../../../node_modules/@canvasjs/angular-charts/fesm2015/canvasjs-angular-charts.js",
      "file": "@canvasjs_angular-charts.js",
      "fileHash": "dfcb638e",
      "needsInterop": false
    },
    "html2canvas": {
      "src": "../../../../../node_modules/html2canvas/dist/html2canvas.esm.js",
      "file": "html2canvas.js",
      "fileHash": "3d8a8d81",
      "needsInterop": false
    },
    "jspdf": {
      "src": "../../../../../node_modules/jspdf/dist/jspdf.es.min.js",
      "file": "jspdf.js",
      "fileHash": "66a0abff",
      "needsInterop": false
    },
    "rxjs": {
      "src": "../../../../../node_modules/rxjs/dist/esm5/index.js",
      "file": "rxjs.js",
      "fileHash": "51112430",
      "needsInterop": false
    },
    "rxjs/operators": {
      "src": "../../../../../node_modules/rxjs/dist/esm5/operators/index.js",
      "file": "rxjs_operators.js",
      "fileHash": "773accbb",
      "needsInterop": false
    }
  },
  "chunks": {
    "browser-DI6OIGOW": {
      "file": "browser-DI6OIGOW.js"
    },
    "purify.es-YAXFVWPX": {
      "file": "purify__es-YAXFVWPX.js"
    },
    "index.es-5FPXBD56": {
      "file": "index__es-5FPXBD56.js"
    },
    "chunk-UMXKHIZH": {
      "file": "chunk-UMXKHIZH.js"
    },
    "chunk-HSQEHFTC": {
      "file": "chunk-HSQEHFTC.js"
    },
    "chunk-SVOWBUVM": {
      "file": "chunk-SVOWBUVM.js"
    },
    "chunk-A5XR7YV7": {
      "file": "chunk-A5XR7YV7.js"
    },
    "chunk-V3STBA4C": {
      "file": "chunk-V3STBA4C.js"
    },
    "chunk-DI6EDO3T": {
      "file": "chunk-DI6EDO3T.js"
    },
    "chunk-FQR6ETSW": {
      "file": "chunk-FQR6ETSW.js"
    },
    "chunk-N7BHPFNK": {
      "file": "chunk-N7BHPFNK.js"
    },
    "chunk-QO7FIK4Z": {
      "file": "chunk-QO7FIK4Z.js"
    },
    "chunk-TXBRWXI7": {
      "file": "chunk-TXBRWXI7.js"
    },
    "chunk-LVNHSO7R": {
      "file": "chunk-LVNHSO7R.js"
    },
    "chunk-3BZMSIC7": {
      "file": "chunk-3BZMSIC7.js"
    },
    "chunk-EGJFQUJS": {
      "file": "chunk-EGJFQUJS.js"
    },
    "chunk-VGHS2SOT": {
      "file": "chunk-VGHS2SOT.js"
    },
    "chunk-MOY5LPCH": {
      "file": "chunk-MOY5LPCH.js"
    },
    "chunk-MJQNUHK2": {
      "file": "chunk-MJQNUHK2.js"
    },
    "chunk-SAI3DHVA": {
      "file": "chunk-SAI3DHVA.js"
    },
    "chunk-ASLTLD6L": {
      "file": "chunk-ASLTLD6L.js"
    }
  }
}